filename,text,type,group,note
voice/word_hero.mp3,hero,word,ストーリーの新出単語(しんしゅつたんご),
voice/word_magic.mp3,magic,word,ストーリーの新出単語(しんしゅつたんご),
voice/word_world.mp3,world,word,ストーリーの新出単語(しんしゅつたんご),
voice/word_mage.mp3,mage,word,ストーリーの新出単語(しんしゅつたんご),
voice/word_wand.mp3,wand,word,ストーリーの新出単語(しんしゅつたんご),
voice/word_anchor.mp3,anchor,word,ストーリーの新出単語(しんしゅつたんご),
voice/word_crack.mp3,crack,word,ストーリーの新出単語(しんしゅつたんご),
voice/word_ready.mp3,ready,word,ストーリーの新出単語(しんしゅつたんご),
voice/word_hello.mp3,hello,word,あいさつ,
voice/word_hi.mp3,hi,word,あいさつ,
voice/word_good_morning.mp3,good morning,word,あいさつ,
voice/word_good_afternoon.mp3,good afternoon,word,あいさつ,
voice/word_good_evening.mp3,good evening,word,あいさつ,
voice/word_good_night.mp3,good night,word,あいさつ,
voice/word_goodbye.mp3,goodbye,word,あいさつ,
voice/word_see_you.mp3,see you,word,あいさつ,
voice/word_please.mp3,please,word,教室(きょうしつ)のことば,
voice/word_sorry.mp3,sorry,word,教室(きょうしつ)のことば,
voice/word_thank_you.mp3,thank you,word,教室(きょうしつ)のことば,
voice/word_you_re_welcome.mp3,you're welcome,word,教室(きょうしつ)のことば,
voice/word_excuse_me.mp3,excuse me,word,教室(きょうしつ)のことば,
voice/word_ok.mp3,OK,word,教室(きょうしつ)のことば,
voice/word_one.mp3,one,word,数(かず) 1〜12,
voice/word_two.mp3,two,word,数(かず) 1〜12,
voice/word_three.mp3,three,word,数(かず) 1〜12,
voice/word_four.mp3,four,word,数(かず) 1〜12,
voice/word_five.mp3,five,word,数(かず) 1〜12,
voice/word_six.mp3,six,word,数(かず) 1〜12,
voice/word_seven.mp3,seven,word,数(かず) 1〜12,
voice/word_eight.mp3,eight,word,数(かず) 1〜12,
voice/word_nine.mp3,nine,word,数(かず) 1〜12,
voice/word_ten.mp3,ten,word,数(かず) 1〜12,
voice/word_eleven.mp3,eleven,word,数(かず) 1〜12,
voice/word_twelve.mp3,twelve,word,数(かず) 1〜12,
voice/word_monday.mp3,Monday,word,曜日(ようび)（What day is it?）,
voice/word_tuesday.mp3,Tuesday,word,曜日(ようび)（What day is it?）,
voice/word_wednesday.mp3,Wednesday,word,曜日(ようび)（What day is it?）,
voice/word_thursday.mp3,Thursday,word,曜日(ようび)（What day is it?）,
voice/word_friday.mp3,Friday,word,曜日(ようび)（What day is it?）,
voice/word_saturday.mp3,Saturday,word,曜日(ようび)（What day is it?）,
voice/word_sunday.mp3,Sunday,word,曜日(ようび)（What day is it?）,
voice/word_sunny.mp3,sunny,word,天気(てんき)（How is the weather?）,
voice/word_rainy.mp3,rainy,word,天気(てんき)（How is the weather?）,
voice/word_cloudy.mp3,cloudy,word,天気(てんき)（How is the weather?）,
voice/word_snowy.mp3,snowy,word,天気(てんき)（How is the weather?）,
voice/word_hot.mp3,hot,word,天気(てんき)（How is the weather?）,
voice/word_cold.mp3,cold,word,天気(てんき)（How is the weather?）,
voice/word_cape.mp3,cape,word,ストーリーの新出単語(しんしゅつたんご),
voice/word_area.mp3,area,word,ストーリーの新出単語(しんしゅつたんご),
voice/word_crystal.mp3,crystal,word,ストーリーの新出単語(しんしゅつたんご),
voice/word_guardian.mp3,guardian,word,ストーリーの新出単語(しんしゅつたんご),
voice/word_seal.mp3,seal,word,ストーリーの新出単語(しんしゅつたんご),
voice/word_fly.mp3,fly,word,ストーリーの新出単語(しんしゅつたんご),
voice/word_jump.mp3,jump,word,ストーリーの新出単語(しんしゅつたんご),
voice/word_scared.mp3,scared,word,ストーリーの新出単語(しんしゅつたんご),
voice/word_volleyball.mp3,volleyball,word,スポーツ,
voice/word_soccer.mp3,soccer,word,スポーツ,
voice/word_baseball.mp3,baseball,word,スポーツ,
voice/word_basketball.mp3,basketball,word,スポーツ,
voice/word_tennis.mp3,tennis,word,スポーツ,
voice/word_table_tennis.mp3,table tennis,word,スポーツ,
voice/word_skiing.mp3,skiing,word,スポーツ,
voice/word_swimming.mp3,swimming,word,スポーツ,
voice/word_run.mp3,run,word,できること（can + 動作(どうさ)）,
voice/word_swim.mp3,swim,word,できること（can + 動作(どうさ)）,
voice/word_sing.mp3,sing,word,できること（can + 動作(どうさ)）,
voice/word_dance.mp3,dance,word,できること（can + 動作(どうさ)）,
voice/word_cook.mp3,cook,word,できること（can + 動作(どうさ)）,
voice/word_draw.mp3,draw,word,できること（can + 動作(どうさ)）,
voice/word_skate.mp3,skate,word,できること（can + 動作(どうさ)）,
voice/word_speak_english.mp3,speak English,word,できること（can + 動作(どうさ)）,
voice/word_piano.mp3,piano,word,楽器(がっき),
voice/word_guitar.mp3,guitar,word,楽器(がっき),
voice/word_recorder.mp3,recorder,word,楽器(がっき),
voice/word_drum.mp3,drum,word,楽器(がっき),
voice/word_dog.mp3,dog,word,動物(どうぶつ)（I like ~ / I have ~）,
voice/word_cat.mp3,cat,word,動物(どうぶつ)（I like ~ / I have ~）,
voice/word_bird.mp3,bird,word,動物(どうぶつ)（I like ~ / I have ~）,
voice/word_fish.mp3,fish,word,動物(どうぶつ)（I like ~ / I have ~）,
voice/word_rabbit.mp3,rabbit,word,動物(どうぶつ)（I like ~ / I have ~）,
voice/word_panda.mp3,panda,word,動物(どうぶつ)（I like ~ / I have ~）,
voice/word_treasure.mp3,treasure,word,ストーリーの新出単語(しんしゅつたんご),
voice/word_gold.mp3,gold,word,ストーリーの新出単語(しんしゅつたんご),
voice/word_nap.mp3,nap,word,ストーリーの新出単語(しんしゅつたんご),
voice/word_proud.mp3,proud,word,ストーリーの新出単語(しんしゅつたんご),
voice/word_map.mp3,map,word,ストーリーの新出単語(しんしゅつたんご),
voice/word_pet.mp3,pet,word,ストーリーの新出単語(しんしゅつたんご),
voice/word_birthday.mp3,birthday,word,ストーリーの新出単語(しんしゅつたんご),
voice/word_team.mp3,team,word,ストーリーの新出単語(しんしゅつたんご),
voice/word_big.mp3,big,word,人(ひと)・性格(せいかく)のことば（He/She is ~）,
voice/word_small.mp3,small,word,人(ひと)・性格(せいかく)のことば（He/She is ~）,
voice/word_kind.mp3,kind,word,人(ひと)・性格(せいかく)のことば（He/She is ~）,
voice/word_strong.mp3,strong,word,人(ひと)・性格(せいかく)のことば（He/She is ~）,
voice/word_quiet.mp3,quiet,word,人(ひと)・性格(せいかく)のことば（He/She is ~）,
voice/word_cool.mp3,cool,word,人(ひと)・性格(せいかく)のことば（He/She is ~）,
voice/word_cute.mp3,cute,word,人(ひと)・性格(せいかく)のことば（He/She is ~）,
voice/word_scary.mp3,scary,word,人(ひと)・性格(せいかく)のことば（He/She is ~）,
voice/word_funny.mp3,funny,word,人(ひと)・性格(せいかく)のことば（He/She is ~）,
voice/word_smart.mp3,smart,word,人(ひと)・性格(せいかく)のことば（He/She is ~）,
voice/word_father.mp3,father,word,家族(かぞく)・人(ひと)（This is my ~）,
voice/word_mother.mp3,mother,word,家族(かぞく)・人(ひと)（This is my ~）,
voice/word_brother.mp3,brother,word,家族(かぞく)・人(ひと)（This is my ~）,
voice/word_sister.mp3,sister,word,家族(かぞく)・人(ひと)（This is my ~）,
voice/word_grandfather.mp3,grandfather,word,家族(かぞく)・人(ひと)（This is my ~）,
voice/word_grandmother.mp3,grandmother,word,家族(かぞく)・人(ひと)（This is my ~）,
voice/word_friend.mp3,friend,word,家族(かぞく)・人(ひと)（This is my ~）,
voice/word_teacher.mp3,teacher,word,家族(かぞく)・人(ひと)（This is my ~）,
voice/word_doctor.mp3,doctor,word,しごとのことば（He is a ~ / She is a ~）,
voice/word_singer.mp3,singer,word,しごとのことば（He is a ~ / She is a ~）,
voice/word_scientist.mp3,scientist,word,しごとのことば（He is a ~ / She is a ~）,
voice/word_student.mp3,student,word,しごとのことば（He is a ~ / She is a ~）,
voice/word_soccer_player.mp3,soccer player,word,しごとのことば（He is a ~ / She is a ~）,
voice/word_castle.mp3,castle,word,ストーリーの新出単語(しんしゅつたんご),
voice/word_king.mp3,king,word,ストーリーの新出単語(しんしゅつたんご),
voice/word_princess.mp3,princess,word,ストーリーの新出単語(しんしゅつたんご),
voice/word_gate.mp3,gate,word,ストーリーの新出単語(しんしゅつたんご),
voice/word_knight.mp3,knight,word,ストーリーの新出単語(しんしゅつたんご),
voice/word_bread.mp3,bread,word,ストーリーの新出単語(しんしゅつたんご),
voice/word_library.mp3,library,word,ストーリーの新出単語(しんしゅつたんご),
voice/word_chew.mp3,chew,word,ストーリーの新出単語(しんしゅつたんご),
voice/word_hamburger_steak.mp3,hamburger steak,word,食(た)べ物(もの)（What food do you like?）,
voice/word_pork_cutlet.mp3,pork cutlet,word,食(た)べ物(もの)（What food do you like?）,
voice/word_curry.mp3,curry,word,食(た)べ物(もの)（What food do you like?）,
voice/word_rice.mp3,rice,word,食(た)べ物(もの)（What food do you like?）,
voice/word_salad.mp3,salad,word,食(た)べ物(もの)（What food do you like?）,
voice/word_soup.mp3,soup,word,食(た)べ物(もの)（What food do you like?）,
voice/word_cake.mp3,cake,word,食(た)べ物(もの)（What food do you like?）,
voice/word_egg.mp3,egg,word,食(た)べ物(もの)（What food do you like?）,
voice/word_red.mp3,red,word,色(いろ)（What color do you like?）,
voice/word_blue.mp3,blue,word,色(いろ)（What color do you like?）,
voice/word_green.mp3,green,word,色(いろ)（What color do you like?）,
voice/word_yellow.mp3,yellow,word,色(いろ)（What color do you like?）,
voice/word_pink.mp3,pink,word,色(いろ)（What color do you like?）,
voice/word_purple.mp3,purple,word,色(いろ)（What color do you like?）,
voice/word_white.mp3,white,word,色(いろ)（What color do you like?）,
voice/word_black.mp3,black,word,色(いろ)（What color do you like?）,
voice/word_orange.mp3,orange,word,色(いろ)（What color do you like?）,
voice/word_brown.mp3,brown,word,色(いろ)（What color do you like?）,
voice/word_thirteen.mp3,thirteen,word,大(おお)きい数(かず)（How many ~?）,
voice/word_twenty.mp3,twenty,word,大(おお)きい数(かず)（How many ~?）,
voice/word_twenty_two.mp3,twenty-two,word,大(おお)きい数(かず)（How many ~?）,
voice/word_thirty.mp3,thirty,word,大(おお)きい数(かず)（How many ~?）,
voice/word_fifty.mp3,fifty,word,大(おお)きい数(かず)（How many ~?）,
voice/word_hundred.mp3,hundred,word,大(おお)きい数(かず)（How many ~?）,
voice/word_english.mp3,English,word,教科(きょうか)（What subject do you like?）,
voice/word_math.mp3,math,word,教科(きょうか)（What subject do you like?）,
voice/word_science.mp3,science,word,教科(きょうか)（What subject do you like?）,
voice/word_music.mp3,music,word,教科(きょうか)（What subject do you like?）,
voice/word_art.mp3,art,word,教科(きょうか)（What subject do you like?）,
voice/word_p_e.mp3,P.E.,word,教科(きょうか)（What subject do you like?）,
voice/word_history.mp3,history,word,教科(きょうか)（What subject do you like?）,
voice/word_water.mp3,water,word,のみもの,
voice/word_tea.mp3,tea,word,のみもの,
voice/word_coffee.mp3,coffee,word,のみもの,
voice/word_juice.mp3,juice,word,のみもの,
voice/word_orange_juice.mp3,orange juice,word,のみもの,
voice/word_lamp.mp3,lamp,word,ストーリーの新出単語(しんしゅつたんご),
voice/word_coin.mp3,coin,word,ストーリーの新出単語(しんしゅつたんご),
voice/word_scone.mp3,scone,word,ストーリーの新出単語(しんしゅつたんご),
voice/word_light.mp3,light,word,ストーリーの新出単語(しんしゅつたんご),
voice/word_door.mp3,door,word,ストーリーの新出単語(しんしゅつたんご),
voice/word_room.mp3,room,word,ストーリーの新出単語(しんしゅつたんご),
voice/word_tonight.mp3,tonight,word,ストーリーの新出単語(しんしゅつたんご),
voice/word_eye.mp3,eye,word,ストーリーの新出単語(しんしゅつたんご),
voice/word_morning.mp3,morning,word,時間(じかん)のことば（What time ~?）,
voice/word_noon.mp3,noon,word,時間(じかん)のことば（What time ~?）,
voice/word_afternoon.mp3,afternoon,word,時間(じかん)のことば（What time ~?）,
voice/word_evening.mp3,evening,word,時間(じかん)のことば（What time ~?）,
voice/word_night.mp3,night,word,時間(じかん)のことば（What time ~?）,
voice/word_o_clock.mp3,o'clock,word,時間(じかん)のことば（What time ~?）,
voice/word_a_m.mp3,a.m.,word,時間(じかん)のことば（What time ~?）,
voice/word_p_m.mp3,p.m.,word,時間(じかん)のことば（What time ~?）,
voice/word_today.mp3,today,word,時間(じかん)のことば（What time ~?）,
voice/word_tomorrow.mp3,tomorrow,word,時間(じかん)のことば（What time ~?）,
voice/word_look.mp3,Look!,word,命令文(めいれいぶん)でよく使(つか)う動詞(どうし),"shared by ""look"" and ""Look!"" — one file serves both"
voice/word_listen.mp3,Listen!,word,命令文(めいれいぶん)でよく使(つか)う動詞(どうし),"shared by ""listen"" and ""Listen!"" — one file serves both"
voice/word_open.mp3,open,word,命令文(めいれいぶん)でよく使(つか)う動詞(どうし),
voice/word_close.mp3,close,word,命令文(めいれいぶん)でよく使(つか)う動詞(どうし),
voice/word_hold.mp3,hold,word,命令文(めいれいぶん)でよく使(つか)う動詞(どうし),
voice/word_touch.mp3,touch,word,命令文(めいれいぶん)でよく使(つか)う動詞(どうし),
voice/word_stop.mp3,stop,word,命令文(めいれいぶん)でよく使(つか)う動詞(どうし),
voice/word_wait.mp3,wait,word,命令文(めいれいぶん)でよく使(つか)う動詞(どうし),
voice/word_meet.mp3,meet,word,命令文(めいれいぶん)でよく使(つか)う動詞(どうし),
voice/word_follow.mp3,follow,word,命令文(めいれいぶん)でよく使(つか)う動詞(どうし),
voice/word_in.mp3,in,word,位置(いち)のことば（Look under the desk!）,
voice/word_on.mp3,on,word,位置(いち)のことば（Look under the desk!）,
voice/word_under.mp3,under,word,位置(いち)のことば（Look under the desk!）,
voice/word_behind.mp3,behind,word,位置(いち)のことば（Look under the desk!）,
voice/word_near.mp3,near,word,位置(いち)のことば（Look under the desk!）,
voice/word_by.mp3,by,word,位置(いち)のことば（Look under the desk!）,
voice/word_forest.mp3,forest,word,ストーリーの新出単語(しんしゅつたんご),
voice/word_rock.mp3,rock,word,ストーリーの新出単語(しんしゅつたんご),
voice/word_tree.mp3,tree,word,ストーリーの新出単語(しんしゅつたんご),
voice/word_seed.mp3,seed,word,ストーリーの新出単語(しんしゅつたんご),
voice/word_wood.mp3,wood,word,ストーリーの新出単語(しんしゅつたんご),
voice/word_worried.mp3,worried,word,ストーリーの新出単語(しんしゅつたんご),
voice/word_deep.mp3,deep,word,ストーリーの新出単語(しんしゅつたんご),
voice/word_report.mp3,report,word,ストーリーの新出単語(しんしゅつたんご),
voice/word_get_up.mp3,get up,word,毎日(まいにち)の動作(どうさ)（3人称(にんしょう)で言(い)ってみよう！）,
voice/word_go_to_school.mp3,go to school,word,毎日(まいにち)の動作(どうさ)（3人称(にんしょう)で言(い)ってみよう！）,
voice/word_study.mp3,study,word,毎日(まいにち)の動作(どうさ)（3人称(にんしょう)で言(い)ってみよう！）,
voice/word_watch_tv.mp3,watch TV,word,毎日(まいにち)の動作(どうさ)（3人称(にんしょう)で言(い)ってみよう！）,
voice/word_read.mp3,read,word,毎日(まいにち)の動作(どうさ)（3人称(にんしょう)で言(い)ってみよう！）,
voice/word_sleep.mp3,sleep,word,毎日(まいにち)の動作(どうさ)（3人称(にんしょう)で言(い)ってみよう！）,
voice/word_walk.mp3,walk,word,毎日(まいにち)の動作(どうさ)（3人称(にんしょう)で言(い)ってみよう！）,
voice/word_work.mp3,work,word,毎日(まいにち)の動作(どうさ)（3人称(にんしょう)で言(い)ってみよう！）,
voice/word_clean.mp3,clean,word,毎日(まいにち)の動作(どうさ)（3人称(にんしょう)で言(い)ってみよう！）,
voice/word_every_day.mp3,every day,word,ひんど・くりかえしのことば,
voice/word_every_morning.mp3,every morning,word,ひんど・くりかえしのことば,
voice/word_every_night.mp3,every night,word,ひんど・くりかえしのことば,
voice/word_always.mp3,always,word,ひんど・くりかえしのことば,
voice/word_usually.mp3,usually,word,ひんど・くりかえしのことば,
voice/word_sometimes.mp3,sometimes,word,ひんど・くりかえしのことば,
voice/word_never.mp3,never,word,ひんど・くりかえしのことば,
voice/word_kitchen.mp3,kitchen,word,家(いえ)の中(なか)（He sleeps in his bed.）,
voice/word_bed.mp3,bed,word,家(いえ)の中(なか)（He sleeps in his bed.）,
voice/word_desk.mp3,desk,word,家(いえ)の中(なか)（He sleeps in his bed.）,
voice/word_chair.mp3,chair,word,家(いえ)の中(なか)（He sleeps in his bed.）,
voice/word_window.mp3,window,word,家(いえ)の中(なか)（He sleeps in his bed.）,
voice/word_house.mp3,house,word,家(いえ)の中(なか)（He sleeps in his bed.）,
voice/word_axe.mp3,axe,word,ストーリーの新出単語(しんしゅつたんご),
voice/word_bag.mp3,bag,word,ストーリーの新出単語(しんしゅつたんご),
voice/word_turnip.mp3,turnip,word,ストーリーの新出単語(しんしゅつたんご),
voice/word_box.mp3,box,word,ストーリーの新出単語(しんしゅつたんご),
voice/word_path.mp3,path,word,ストーリーの新出単語(しんしゅつたんご),
voice/word_flower.mp3,flower,word,ストーリーの新出単語(しんしゅつたんご),
voice/word_real.mp3,real,word,ストーリーの新出単語(しんしゅつたんご),
voice/word_safe.mp3,safe,word,ストーリーの新出単語(しんしゅつたんご),
voice/word_pen.mp3,pen,word,持(も)ち物(もの)（Whose ~ is this?）,
voice/word_pencil.mp3,pencil,word,持(も)ち物(もの)（Whose ~ is this?）,
voice/word_notebook.mp3,notebook,word,持(も)ち物(もの)（Whose ~ is this?）,
voice/word_book.mp3,book,word,持(も)ち物(もの)（Whose ~ is this?）,
voice/word_cap.mp3,cap,word,持(も)ち物(もの)（Whose ~ is this?）,
voice/word_shoe.mp3,shoe,word,持(も)ち物(もの)（Whose ~ is this?）,
voice/word_watch.mp3,watch,word,持(も)ち物(もの)（Whose ~ is this?）,
voice/word_ball.mp3,ball,word,持(も)ち物(もの)（Whose ~ is this?）,
voice/word_umbrella.mp3,umbrella,word,持(も)ち物(もの)（Whose ~ is this?）,
voice/word_card.mp3,card,word,持(も)ち物(もの)（Whose ~ is this?）,
voice/word_mine.mp3,mine,word,「〜のもの」チーム（1語(ご)で答(こた)えられる！）,
voice/word_yours.mp3,yours,word,「〜のもの」チーム（1語(ご)で答(こた)えられる！）,
voice/word_his.mp3,his,word,「〜のもの」チーム（1語(ご)で答(こた)えられる！）,
voice/word_hers.mp3,hers,word,「〜のもの」チーム（1語(ご)で答(こた)えられる！）,
voice/word_ours.mp3,ours,word,「〜のもの」チーム（1語(ご)で答(こた)えられる！）,
voice/word_theirs.mp3,theirs,word,「〜のもの」チーム（1語(ご)で答(こた)えられる！）,
voice/word_shop.mp3,shop,word,町(まち)のたてもの（Whose house is this?）,
voice/word_park.mp3,park,word,町(まち)のたてもの（Whose house is this?）,
voice/word_station.mp3,station,word,町(まち)のたてもの（Whose house is this?）,
voice/word_hospital.mp3,hospital,word,町(まち)のたてもの（Whose house is this?）,
voice/word_museum.mp3,museum,word,町(まち)のたてもの（Whose house is this?）,
voice/word_bridge.mp3,bridge,word,ストーリーの新出単語(しんしゅつたんご),
voice/word_mountain.mp3,mountain,word,ストーリーの新出単語(しんしゅつたんご),
voice/word_inn.mp3,inn,word,ストーリーの新出単語(しんしゅつたんご),
voice/word_guard.mp3,guard,word,ストーリーの新出単語(しんしゅつたんご),
voice/word_angry.mp3,angry,word,ストーリーの新出単語(しんしゅつたんご),
voice/word_important.mp3,important,word,ストーリーの新出単語(しんしゅつたんご),
voice/word_circle.mp3,circle,word,ストーリーの新出単語(しんしゅつたんご),
voice/word_pass.mp3,pass,word,ストーリーの新出単語(しんしゅつたんご),
voice/word_play_playing.mp3,"play, playing",word,動詞(どうし)の ing 変身表(へんしんひょう),
voice/word_eat_eating.mp3,"eat, eating",word,動詞(どうし)の ing 変身表(へんしんひょう),
voice/word_sleep_sleeping.mp3,"sleep, sleeping",word,動詞(どうし)の ing 変身表(へんしんひょう),
voice/word_fly_flying.mp3,"fly, flying",word,動詞(どうし)の ing 変身表(へんしんひょう),
voice/word_make_making.mp3,"make, making",word,動詞(どうし)の ing 変身表(へんしんひょう),
voice/word_write_writing.mp3,"write, writing",word,動詞(どうし)の ing 変身表(へんしんひょう),
voice/word_run_running.mp3,"run, running",word,動詞(どうし)の ing 変身表(へんしんひょう),
voice/word_swim_swimming.mp3,"swim, swimming",word,動詞(どうし)の ing 変身表(へんしんひょう),
voice/word_now.mp3,now,word,「今(いま)」を表(あらわ)すことば,
voice/word_right_now.mp3,right now,word,「今(いま)」を表(あらわ)すことば,
voice/word_read_reading.mp3,"read, reading",word,変身表(へんしんひょう)・その2,
voice/word_sing_singing.mp3,"sing, singing",word,変身表(へんしんひょう)・その2,
voice/word_walk_walking.mp3,"walk, walking",word,変身表(へんしんひょう)・その2,
voice/word_study_studying.mp3,"study, studying",word,変身表(へんしんひょう)・その2,
voice/word_dance_dancing.mp3,"dance, dancing",word,変身表(へんしんひょう)・その2,
voice/word_come_coming.mp3,"come, coming",word,変身表(へんしんひょう)・その2,
voice/word_sit_sitting.mp3,"sit, sitting",word,変身表(へんしんひょう)・その2,
voice/word_get_getting.mp3,"get, getting",word,変身表(へんしんひょう)・その2,
voice/word_steak.mp3,steak,word,ストーリーの新出単語(しんしゅつたんご),
voice/word_sunrise.mp3,sunrise,word,ストーリーの新出単語(しんしゅつたんご),
voice/word_training.mp3,training,word,ストーリーの新出単語(しんしゅつたんご),
voice/word_heart.mp3,heart,word,ストーリーの新出単語(しんしゅつたんご),
voice/word_answer.mp3,answer,word,ストーリーの新出単語(しんしゅつたんご),
voice/word_brave.mp3,brave,word,ストーリーの新出単語(しんしゅつたんご),
voice/word_lonely.mp3,lonely,word,ストーリーの新出単語(しんしゅつたんご),
voice/word_smile.mp3,smile,word,ストーリーの新出単語(しんしゅつたんご),
voice/word_happy.mp3,happy,word,気持(きも)ち・様子(ようす)（look + ~）,
voice/word_sad.mp3,sad,word,気持(きも)ち・様子(ようす)（look + ~）,
voice/word_tired.mp3,tired,word,気持(きも)ち・様子(ようす)（look + ~）,
voice/word_hungry.mp3,hungry,word,気持(きも)ち・様子(ようす)（look + ~）,
voice/word_sleepy.mp3,sleepy,word,気持(きも)ち・様子(ようす)（look + ~）,
voice/word_fine.mp3,fine,word,気持(きも)ち・様子(ようす)（look + ~）,
voice/word_go.mp3,go,word,したいこと（want to + ~）,
voice/word_see.mp3,see,word,したいこと（want to + ~）,
voice/word_eat.mp3,eat,word,したいこと（want to + ~）,
voice/word_help.mp3,help,word,したいこと（want to + ~）,
voice/word_be.mp3,be,word,したいこと（want to + ~）,
voice/word_travel.mp3,travel,word,したいこと（want to + ~）,
voice/word_win.mp3,win,word,したいこと（want to + ~）,
voice/word_save.mp3,save,word,したいこと（want to + ~）,
voice/word_dancing.mp3,dancing,word,〜するのが好(す)き（like ~ing）,
voice/word_singing.mp3,singing,word,〜するのが好(す)き（like ~ing）,
voice/word_cooking.mp3,cooking,word,〜するのが好(す)き（like ~ing）,
voice/word_reading.mp3,reading,word,〜するのが好(す)き（like ~ing）,
voice/word_drawing.mp3,drawing,word,〜するのが好(す)き（like ~ing）,
voice/word_playing_games.mp3,playing games,word,〜するのが好(す)き（like ~ing）,
voice/word_sea.mp3,sea,word,見(み)たいもの・自然(しぜん)（I want to see ~）,
voice/word_river.mp3,river,word,見(み)たいもの・自然(しぜん)（I want to see ~）,
voice/word_lake.mp3,lake,word,見(み)たいもの・自然(しぜん)（I want to see ~）,
voice/word_sun.mp3,sun,word,見(み)たいもの・自然(しぜん)（I want to see ~）,
voice/word_nature.mp3,nature,word,見(み)たいもの・自然(しぜん)（I want to see ~）,
voice/word_snow_festival.mp3,snow festival,word,見(み)たいもの・自然(しぜん)（I want to see ~）,
voice/word_voice.mp3,voice,word,ストーリーの新出単語(しんしゅつたんご),
voice/word_story.mp3,story,word,ストーリーの新出単語(しんしゅつたんご),
voice/word_sky.mp3,sky,word,ストーリーの新出単語(しんしゅつたんご),
voice/word_island.mp3,island,word,ストーリーの新出単語(しんしゅつたんご),
voice/word_legendary.mp3,legendary,word,ストーリーの新出単語(しんしゅつたんご),
voice/word_question.mp3,question,word,ストーリーの新出単語(しんしゅつたんご),
voice/word_cheer.mp3,cheer,word,ストーリーの新出単語(しんしゅつたんご),
voice/word_go_went.mp3,"go, went",word,不規則動詞(ふきそくどうし)の変身表(へんしんひょう),
voice/word_eat_ate.mp3,"eat, ate",word,不規則動詞(ふきそくどうし)の変身表(へんしんひょう),
voice/word_see_saw.mp3,"see, saw",word,不規則動詞(ふきそくどうし)の変身表(へんしんひょう),
voice/word_say_said.mp3,"say, said",word,不規則動詞(ふきそくどうし)の変身表(へんしんひょう),
voice/word_give_gave.mp3,"give, gave",word,不規則動詞(ふきそくどうし)の変身表(へんしんひょう),
voice/word_make_made.mp3,"make, made",word,不規則動詞(ふきそくどうし)の変身表(へんしんひょう),
voice/word_find_found.mp3,"find, found",word,不規則動詞(ふきそくどうし)の変身表(へんしんひょう),
voice/word_hear_heard.mp3,"hear, heard",word,不規則動詞(ふきそくどうし)の変身表(へんしんひょう),
voice/word_meet_met.mp3,"meet, met",word,不規則動詞(ふきそくどうし)の変身表(へんしんひょう),
voice/word_have_had.mp3,"have, had",word,不規則動詞(ふきそくどうし)の変身表(へんしんひょう),
voice/word_get_got.mp3,"get, got",word,不規則動詞(ふきそくどうし)の変身表(へんしんひょう),
voice/word_come_came.mp3,"come, came",word,不規則動詞(ふきそくどうし)の変身表(へんしんひょう),
voice/word_play_played.mp3,"play, played",word,規則動詞(きそくどうし)（+ ed）,
voice/word_help_helped.mp3,"help, helped",word,規則動詞(きそくどうし)（+ ed）,
voice/word_call_called.mp3,"call, called",word,規則動詞(きそくどうし)（+ ed）,
voice/word_visit_visited.mp3,"visit, visited",word,規則動詞(きそくどうし)（+ ed）,
voice/word_enjoy_enjoyed.mp3,"enjoy, enjoyed",word,規則動詞(きそくどうし)（+ ed）,
voice/word_study_studied.mp3,"study, studied",word,規則動詞(きそくどうし)（+ ed）,
voice/word_stop_stopped.mp3,"stop, stopped",word,規則動詞(きそくどうし)（+ ed）,
voice/word_like_liked.mp3,"like, liked",word,規則動詞(きそくどうし)（+ ed）,
voice/word_yesterday.mp3,yesterday,word,過去(かこ)の時(とき)ことば,
voice/word_last_night.mp3,last night,word,過去(かこ)の時(とき)ことば,
voice/word_last_week.mp3,last week,word,過去(かこ)の時(とき)ことば,
voice/word_last_year.mp3,last year,word,過去(かこ)の時(とき)ことば,
voice/word_then.mp3,then,word,過去(かこ)の時(とき)ことば,
voice/word_ago.mp3,~ ago,word,過去(かこ)の時(とき)ことば,
voice/word_buy_bought.mp3,"buy, bought",word,不規則動詞(ふきそくどうし)・その2,
voice/word_take_took.mp3,"take, took",word,不規則動詞(ふきそくどうし)・その2,
voice/word_write_wrote.mp3,"write, wrote",word,不規則動詞(ふきそくどうし)・その2,
voice/word_win_won.mp3,"win, won",word,不規則動詞(ふきそくどうし)・その2,
voice/word_think_thought.mp3,"think, thought",word,不規則動詞(ふきそくどうし)・その2,
voice/word_run_ran.mp3,"run, ran",word,不規則動詞(ふきそくどうし)・その2,
voice/word_sit_sat.mp3,"sit, sat",word,不規則動詞(ふきそくどうし)・その2,
voice/word_drink_drank.mp3,"drink, drank",word,不規則動詞(ふきそくどうし)・その2,
voice/word_ice.mp3,ice,word,ストーリーの新出単語(しんしゅつたんご),
voice/word_snow.mp3,snow,word,ストーリーの新出単語(しんしゅつたんご),
voice/word_wind.mp3,wind,word,ストーリーの新出単語(しんしゅつたんご),
voice/word_test.mp3,test,word,ストーリーの新出単語(しんしゅつたんご),
voice/word_memory.mp3,memory,word,ストーリーの新出単語(しんしゅつたんご),
voice/word_moment.mp3,moment,word,ストーリーの新出単語(しんしゅつたんご),
voice/word_truth.mp3,truth,word,ストーリーの新出単語(しんしゅつたんご),
voice/word_ordinary.mp3,ordinary,word,ストーリーの新出単語(しんしゅつたんご),
voice/word_great.mp3,great,word,感想(かんそう)のことば（How was it? に答(こた)えよう）,
voice/word_fun.mp3,fun,word,感想(かんそう)のことば（How was it? に答(こた)えよう）,
voice/word_exciting.mp3,exciting,word,感想(かんそう)のことば（How was it? に答(こた)えよう）,
voice/word_wonderful.mp3,wonderful,word,感想(かんそう)のことば（How was it? に答(こた)えよう）,
voice/word_delicious.mp3,delicious,word,感想(かんそう)のことば（How was it? に答(こた)えよう）,
voice/word_interesting.mp3,interesting,word,感想(かんそう)のことば（How was it? に答(こた)えよう）,
voice/word_hard.mp3,hard,word,感想(かんそう)のことば（How was it? に答(こた)えよう）,
voice/word_long.mp3,long,word,感想(かんそう)のことば（How was it? に答(こた)えよう）,
voice/word_beautiful.mp3,beautiful,word,感想(かんそう)のことば（How was it? に答(こた)えよう）,
voice/word_winter.mp3,winter,word,冬(ふゆ)と旅(たび)のことば,
voice/word_vacation.mp3,vacation,word,冬(ふゆ)と旅(たび)のことば,
voice/word_trip.mp3,trip,word,冬(ふゆ)と旅(たび)のことば,
voice/word_weekend.mp3,weekend,word,冬(ふゆ)と旅(たび)のことば,
voice/word_season.mp3,season,word,冬(ふゆ)と旅(たび)のことば,
voice/word_weather.mp3,weather,word,冬(ふゆ)と旅(たび)のことば,
voice/word_i_was.mp3,I was ~,word,was / were の選(えら)び方(かた),
voice/word_he_she_it_was.mp3,He / She / It was ~,word,was / were の選(えら)び方(かた),
voice/word_you_were.mp3,You were ~,word,was / were の選(えら)び方(かた),
voice/word_we_they_were.mp3,We / They were ~,word,was / were の選(えら)び方(かた),
voice/word_school_trip.mp3,school trip,word,学校行事(がっこうぎょうじ)・思(おも)い出(で)のことば（My best memory was ~）,
voice/word_festival.mp3,festival,word,学校行事(がっこうぎょうじ)・思(おも)い出(で)のことば（My best memory was ~）,
voice/word_concert.mp3,concert,word,学校行事(がっこうぎょうじ)・思(おも)い出(で)のことば（My best memory was ~）,
voice/word_contest.mp3,contest,word,学校行事(がっこうぎょうじ)・思(おも)い出(で)のことば（My best memory was ~）,
voice/word_event.mp3,event,word,学校行事(がっこうぎょうじ)・思(おも)い出(で)のことば（My best memory was ~）,
voice/word_performance.mp3,performance,word,学校行事(がっこうぎょうじ)・思(おも)い出(で)のことば（My best memory was ~）,
voice/word_star.mp3,star,word,ストーリーの新出単語(しんしゅつたんご),
voice/word_everyone.mp3,everyone,word,ストーリーの新出単語(しんしゅつたんご),
voice/word_courage.mp3,courage,word,ストーリーの新出単語(しんしゅつたんご),
voice/word_kindness.mp3,kindness,word,ストーリーの新出単語(しんしゅつたんご),
voice/word_proof.mp3,proof,word,ストーリーの新出単語(しんしゅつたんご),
voice/word_power.mp3,power,word,ストーリーの新出単語(しんしゅつたんご),
voice/word_adventure.mp3,adventure,word,ストーリーの新出単語(しんしゅつたんご),
voice/word_party.mp3,party,word,ストーリーの新出単語(しんしゅつたんご),
voice/word_country.mp3,country,word,世界(せかい)のことば,
voice/word_japan.mp3,Japan,word,世界(せかい)のことば,
voice/word_home.mp3,home,word,世界(せかい)のことば,
voice/word_school.mp3,school,word,世界(せかい)のことば,
voice/word_town.mp3,town,word,世界(せかい)のことば,
voice/word_place.mp3,place,word,世界(せかい)のことば,
voice/word_love.mp3,love,word,気持(きも)ちを伝(つた)えることば,
voice/word_thank.mp3,thank,word,気持(きも)ちを伝(つた)えることば,
voice/word_remember.mp3,remember,word,気持(きも)ちを伝(つた)えることば,
voice/word_forget.mp3,forget,word,気持(きも)ちを伝(つた)えることば,
voice/word_believe.mp3,believe,word,気持(きも)ちを伝(つた)えることば,
voice/word_dream.mp3,dream,word,気持(きも)ちを伝(つた)えることば,
voice/word_wish.mp3,wish,word,気持(きも)ちを伝(つた)えることば,
voice/word_together.mp3,together,word,気持(きも)ちを伝(つた)えることば,
voice/word_and.mp3,and,word,文(ぶん)をつなぐことば,
voice/word_but.mp3,but,word,文(ぶん)をつなぐことば,
voice/word_or.mp3,or,word,文(ぶん)をつなぐことば,
voice/word_so.mp3,so,word,文(ぶん)をつなぐことば,
voice/word_too.mp3,too,word,文(ぶん)をつなぐことば,
voice/spell_nice_to_meet_you.mp3,Nice to meet you.,spell,Stage 0,
voice/spell_i_m_fine_thank_you.mp3,"I'm fine, thank you.",spell,Stage 0,
voice/spell_my_name_is_lumi.mp3,My name is Lumi.,spell,Stage 0,
voice/spell_how_are_you.mp3,How are you?,spell,Stage 0,
voice/spell_good_morning_lumi.mp3,"Good morning, Lumi!",spell,Stage 0,
voice/spell_what_s_your_name.mp3,What's your name?,spell,Stage 0,
voice/spell_i_m_ready.mp3,I'm ready!,spell,Stage 0,
voice/spell_thank_you_very_much.mp3,Thank you very much.,spell,Stage 0,
voice/spell_you_re_welcome.mp3,You're welcome.,spell,Stage 0,
voice/spell_see_you_later.mp3,See you later!,spell,Stage 0,
voice/spell_i_m_sorry.mp3,I'm sorry.,spell,Stage 0,
voice/spell_that_s_ok.mp3,That's OK.,spell,Stage 0,
voice/spell_please_help_me.mp3,Please help me!,spell,Stage 0,
voice/spell_i_am_eleven_years_old.mp3,I am eleven years old.,spell,Stage 0,
voice/spell_i_am_a_hero_from_japan.mp3,I am a hero from Japan.,spell,Stage 1,
voice/spell_i_like_volleyball.mp3,I like volleyball.,spell,Stage 1,
voice/spell_i_can_run_fast.mp3,I can run fast.,spell,Stage 1,
voice/spell_i_can_t_fly.mp3,I can't fly.,spell,Stage 1,
voice/spell_are_you_ready.mp3,Are you ready?,spell,Stage 1,
voice/spell_yes_i_am.mp3,"Yes, I am!",spell,Stage 1,
voice/spell_you_are_a_hero_too.mp3,"You are a hero, too.",spell,Stage 1,
voice/spell_i_play_soccer_every_day.mp3,I play soccer every day.,spell,Stage 1,
voice/spell_can_you_jump.mp3,Can you jump?,spell,Stage 1,
voice/spell_yes_i_can.mp3,"Yes, I can!",spell,Stage 1,
voice/spell_no_i_can_t.mp3,"No, I can't.",spell,Stage 1,
voice/spell_i_am_not_scared.mp3,I am not scared.,spell,Stage 1,
voice/spell_we_are_heroes.mp3,We are heroes.,spell,Stage 1,
voice/spell_this_is_mimic.mp3,This is Mimic.,spell,Stage 2,
voice/spell_he_is_the_guardian_of_the_castle_area.mp3,He is the guardian of the Castle Area.,spell,Stage 2,
voice/spell_she_is_proud_and_strong.mp3,She is proud and strong.,spell,Stage 2,
voice/spell_he_is_very_big_and_very_kind.mp3,He is very big and very kind.,spell,Stage 2,
voice/spell_what_is_that_light.mp3,What is that light?,spell,Stage 2,
voice/spell_is_she_scary.mp3,Is she scary?,spell,Stage 2,
voice/spell_no_she_isn_t.mp3,"No, she isn't.",spell,Stage 2,
voice/spell_that_is_general_winter.mp3,That is General Winter.,spell,Stage 2,
voice/spell_he_is_quiet_and_cool.mp3,He is quiet and cool.,spell,Stage 2,
voice/spell_it_is_a_map.mp3,It is a map.,spell,Stage 2,
voice/spell_she_is_lumi.mp3,She is Lumi.,spell,Stage 2,
voice/spell_this_is_my_wand.mp3,This is my wand.,spell,Stage 2,
voice/spell_he_is_my_friend.mp3,He is my friend.,spell,Stage 2,
voice/spell_do_you_like_bread.mp3,Do you like bread?,spell,Stage 3,
voice/spell_yes_i_do.mp3,"Yes, I do!",spell,Stage 3,
voice/spell_no_i_don_t.mp3,"No, I don't.",spell,Stage 3,
voice/spell_i_like_pink_too.mp3,"I like pink, too.",spell,Stage 3,
voice/spell_what_color_do_you_like.mp3,What color do you like?,spell,Stage 3,
voice/spell_what_food_do_you_like.mp3,What food do you like?,spell,Stage 3,
voice/spell_i_like_hamburger_steak.mp3,I like hamburger steak.,spell,Stage 3,
voice/spell_can_you_make_them.mp3,Can you make them?,spell,Stage 3,
voice/spell_how_many_gates_does_the_castle_have.mp3,How many gates does the castle have?,spell,Stage 3,
voice/spell_how_many_friends_do_you_have.mp3,How many friends do you have?,spell,Stage 3,
voice/spell_i_have_many_friends.mp3,I have many friends.,spell,Stage 3,
voice/spell_i_have_a_few_friends.mp3,I have a few friends.,spell,Stage 3,
voice/spell_do_you_like_reading.mp3,Do you like reading?,spell,Stage 3,
voice/spell_i_like_comic_books.mp3,I like comic books.,spell,Stage 3,
voice/spell_where_is_the_castle.mp3,Where is the castle?,spell,Stage 3,
voice/spell_turn_left_at_the_library.mp3,Turn left at the library.,spell,Stage 3,
voice/spell_you_can_see_it_on_your_right.mp3,You can see it on your right.,spell,Stage 3,
voice/spell_hold_the_lamp_high.mp3,Hold the lamp high!,spell,Stage 4,
voice/spell_don_t_be_late.mp3,Don't be late!,spell,Stage 4,
voice/spell_let_s_meet_at_the_door.mp3,Let's meet at the door.,spell,Stage 4,
voice/spell_what_time_do_we_start.mp3,What time do we start?,spell,Stage 4,
voice/spell_we_start_at_9_p_m.mp3,We start at 9 p.m.,spell,Stage 4,
voice/spell_don_t_touch_the_crack.mp3,Don't touch the crack!,spell,Stage 4,
voice/spell_stay_behind_me.mp3,Stay behind me.,spell,Stage 4,
voice/spell_give_it_to_me.mp3,Give it to me!,spell,Stage 4,
voice/spell_let_s_seal_the_crack.mp3,Let's seal the crack!,spell,Stage 4,
voice/spell_open_the_door_please.mp3,"Open the door, please.",spell,Stage 4,
voice/spell_what_time_is_it.mp3,What time is it?,spell,Stage 4,
voice/spell_it_is_nine_o_clock.mp3,It is nine o'clock.,spell,Stage 4,
voice/spell_follow_me_heroes.mp3,"Follow me, heroes!",spell,Stage 4,
voice/spell_we_d_like_pumpkin_scones_please.mp3,"We'd like pumpkin scones, please.",spell,Stage 4,
voice/spell_how_many_would_you_like.mp3,How many would you like?,spell,Stage 4,
voice/spell_here_you_are.mp3,Here you are!,spell,Stage 4,
voice/spell_she_helps_the_fairy.mp3,She helps the fairy.,spell,Stage 5,
voice/spell_he_doesn_t_sleep.mp3,He doesn't sleep.,spell,Stage 5,
voice/spell_does_golem_sleep.mp3,Does Golem sleep?,spell,Stage 5,
voice/spell_yes_he_does.mp3,"Yes, he does.",spell,Stage 5,
voice/spell_no_he_doesn_t.mp3,"No, he doesn't.",spell,Stage 5,
voice/spell_he_throws_rocks_at_trees.mp3,He throws rocks at trees.,spell,Stage 5,
voice/spell_she_flies_all_around.mp3,She flies all around.,spell,Stage 5,
voice/spell_the_elf_knows_every_tree.mp3,The Elf knows every tree.,spell,Stage 5,
voice/spell_she_doesn_t_forget_anything.mp3,She doesn't forget anything.,spell,Stage 5,
voice/spell_he_cuts_wood_every_morning.mp3,He cuts wood every morning.,spell,Stage 5,
voice/spell_golem_waters_it_every_day.mp3,Golem waters it every day.,spell,Stage 5,
voice/spell_does_she_like_tea.mp3,Does she like tea?,spell,Stage 5,
voice/spell_he_plays_table_tennis_every_evening.mp3,He plays table tennis every evening.,spell,Stage 5,
voice/spell_whose_axe_is_this.mp3,Whose axe is this?,spell,Stage 6,
voice/spell_this_is_the_woodcutter_s_axe.mp3,This is the Woodcutter's axe.,spell,Stage 6,
voice/spell_whose_bag_is_this.mp3,Whose bag is this?,spell,Stage 6,
voice/spell_this_is_the_fairy_s_bag.mp3,This is the Fairy's bag.,spell,Stage 6,
voice/spell_it_s_wumble_s_turnip.mp3,It's Wumble's turnip.,spell,Stage 6,
voice/spell_give_it_to_him.mp3,Give it to him.,spell,Stage 6,
voice/spell_her_light_lives_inside.mp3,Her light lives inside.,spell,Stage 6,
voice/spell_which_path_is_safe.mp3,Which path is safe?,spell,Stage 6,
voice/spell_which_is_real_this_or_that.mp3,"Which is real, this or that?",spell,Stage 6,
voice/spell_that_turnip_is_his.mp3,That turnip is his.,spell,Stage 6,
voice/spell_he_is_very_sad_without_it.mp3,He is very sad without it.,spell,Stage 6,
voice/spell_whose_turnip_is_this.mp3,Whose turnip is this?,spell,Stage 6,
voice/spell_take_good_care_of_it.mp3,Take good care of it.,spell,Stage 6,
voice/spell_what_are_you_doing.mp3,What are you doing?,spell,Stage 7,
voice/spell_i_am_guarding_this_bridge.mp3,I am guarding this bridge!,spell,Stage 7,
voice/spell_she_is_flying_in_circles.mp3,She is flying in circles.,spell,Stage 7,
voice/spell_she_isn_t_sleeping.mp3,She isn't sleeping.,spell,Stage 7,
voice/spell_she_isn_t_eating_anything.mp3,She isn't eating anything.,spell,Stage 7,
voice/spell_i_am_asking_you_now.mp3,I am asking you now.,spell,Stage 7,
voice/spell_are_you_listening.mp3,Are you listening?,spell,Stage 7,
voice/spell_what_is_golem_doing.mp3,What is Golem doing?,spell,Stage 7,
voice/spell_he_is_throwing_rocks.mp3,He is throwing rocks.,spell,Stage 7,
voice/spell_the_crack_is_growing.mp3,The crack is growing!,spell,Stage 7,
voice/spell_she_isn_t_coming_down.mp3,She isn't coming down.,spell,Stage 7,
voice/spell_i_am_not_angry.mp3,I am not angry.,spell,Stage 7,
voice/spell_we_are_visiting_the_mountain.mp3,We are visiting the mountain.,spell,Stage 7,
voice/spell_we_want_to_help_our_friend.mp3,We want to help our friend.,spell,Stage 8,
voice/spell_i_want_to_eat_steak.mp3,I want to eat steak.,spell,Stage 8,
voice/spell_i_want_to_go_home.mp3,I want to go home.,spell,Stage 8,
voice/spell_what_do_you_want.mp3,What do you want?,spell,Stage 8,
voice/spell_you_look_tired.mp3,You look tired.,spell,Stage 8,
voice/spell_you_look_hungry.mp3,You look hungry.,spell,Stage 8,
voice/spell_she_looks_a_little_lonely.mp3,She looks a little lonely.,spell,Stage 8,
voice/spell_i_like_eating_steak.mp3,I like eating steak.,spell,Stage 8,
voice/spell_she_likes_flying.mp3,She likes flying.,spell,Stage 8,
voice/spell_i_am_good_at_running.mp3,I am good at running.,spell,Stage 8,
voice/spell_do_you_want_to_see.mp3,Do you want to see?,spell,Stage 8,
voice/spell_that_is_a_very_good_answer.mp3,That is a very good answer.,spell,Stage 8,
voice/spell_you_look_brave_little_heroes.mp3,"You look brave, little heroes.",spell,Stage 8,
voice/spell_we_helped_the_fairy.mp3,We helped the fairy.,spell,Stage 9,
voice/spell_we_heard_a_voice.mp3,We heard a voice.,spell,Stage 9,
voice/spell_lumi_called_us.mp3,Lumi called us.,spell,Stage 9,
voice/spell_we_said_yes.mp3,We said yes.,spell,Stage 9,
voice/spell_we_met_the_king.mp3,We met the King.,spell,Stage 9,
voice/spell_the_elf_gave_us_a_seed.mp3,The Elf gave us a seed.,spell,Stage 9,
voice/spell_golem_grew_a_little_tree.mp3,Golem grew a little tree.,spell,Stage 9,
voice/spell_we_made_a_legendary_steak.mp3,We made a legendary steak.,spell,Stage 9,
voice/spell_dragon_ate_it_in_one_bite.mp3,Dragon ate it in one bite.,spell,Stage 9,
voice/spell_i_found_the_golden_key.mp3,I found the golden key.,spell,Stage 9,
voice/spell_did_you_defeat_mimic.mp3,Did you defeat Mimic?,spell,Stage 9,
voice/spell_no_we_saved_him.mp3,"No, we saved him!",spell,Stage 9,
voice/spell_we_held_the_light.mp3,We held the light.,spell,Stage 9,
voice/spell_the_mountain_was_cold.mp3,The mountain was cold.,spell,Stage 10,
voice/spell_it_was_scary.mp3,It was scary.,spell,Stage 10,
voice/spell_we_were_together.mp3,We were together.,spell,Stage 10,
voice/spell_we_weren_t_alone.mp3,We weren't alone.,spell,Stage 10,
voice/spell_were_you_alone.mp3,Were you alone?,spell,Stage 10,
voice/spell_no_we_weren_t.mp3,"No, we weren't.",spell,Stage 10,
voice/spell_was_it_fun.mp3,Was it fun?,spell,Stage 10,
voice/spell_yes_it_was.mp3,"Yes, it was.",spell,Stage 10,
voice/spell_he_was_quiet.mp3,He was quiet.,spell,Stage 10,
voice/spell_they_were_brave.mp3,They were brave.,spell,Stage 10,
voice/spell_i_was_a_little_scared.mp3,I was a little scared.,spell,Stage 10,
voice/spell_our_days_were_good_days.mp3,Our days were good days.,spell,Stage 10,
voice/spell_it_was_the_best_adventure.mp3,It was the best adventure.,spell,Stage 10,
voice/spell_how_was_the_mountain.mp3,How was the mountain?,spell,Stage 10,
voice/spell_it_was_wonderful.mp3,It was wonderful!,spell,Stage 10,
voice/spell_my_best_memory_was_the_steak.mp3,My best memory was the steak.,spell,Stage 10,
voice/spell_i_was_scared_but_it_was_fun.mp3,"I was scared, but it was fun.",spell,Stage 10,
voice/spell_did_you_have_fun.mp3,Did you have fun?,spell,Stage 10,
voice/spell_yes_we_did.mp3,"Yes, we did!",spell,Stage 10,
voice/spell_we_are_heroes_and_we_are_not_alone.mp3,"We are heroes, and we are not alone.",spell,Stage 11,
voice/spell_together_we_can_do_everything.mp3,"Together, we can do everything.",spell,Stage 11,
voice/spell_we_love_this_castle.mp3,We love this castle!,spell,Stage 11,
voice/spell_we_are_the_guardians_of_this_world.mp3,We are the guardians of this world!,spell,Stage 11,
voice/spell_thank_you_for_everything.mp3,Thank you for everything.,spell,Stage 11,
voice/spell_will_we_see_you_again.mp3,Will we see you again?,spell,Stage 11,
voice/spell_the_true_power_of_heroes_is_working_together.mp3,The true power of heroes is working together.,spell,Stage 11,
